Workbook

Sheet Matriz CID
A1: MATRIZ CID - ANÁLISIS DE RIESGOS DE ACTIVOS DE INFORMACIÓN
A2: ID_PROCESO | B2: ID_ACTIVO | C2: ACTIVO DE INFORMACIÓN | D2: C | E2: I | F2: D | G2: TOTAL | H2: VALOR 1 | I2: VALOR 2 | J2: VULNERABILIDADES | K2: AMENAZAS | L2: EVENTO DE AMENAZA (RIESGO) | M2: CONTROLES | O2: Análisis de vulnerabilidades | V2: Análisis de amenazas | AD2: Riesgo con control = Amenaza x Vulnerabilidad x Probabilidad x Impacto
A3: CN-PRO-001 | B3: CN-AI-001 | C3: Personal de atención al cliente | D3: 3 | E3: 4 | F3: 4 | G3: =SUM(D3:F3) -> 11 | H3: =IF(G3>10,"Alto",IF(G3>5,"Medio",IF(G3<6,"Bajo","Error"))) -> Alto | I3: =IF(G3>10,3,IF(G3>5,2,IF(G3<6,1,"Error"))) -> 3 | J3: Falta de capacitación, uso compartido de credenciales y validación manual de datos | K3: Error humano, ingeniería social o suplantación de identidad | L3: Alta incorrecta de clientes, exposición de datos o entrega indebida de accesos | M3: Capacitación periódica, MFA, segregación de funciones y doble validación de altas | O3: ID_ACTIVO | P3: Activo | Q3: Vulnerabilidad | R3: Severidad | S3: Exposición | T3: Valor3 | V3: ID_ACTIVO | W3: Activo | X3: Amenaza | Y3: Evento de amenaza | Z3: Capacidad | AA3: Motivación | AB3: Valor4 | AD3: ID_ACTIVO | AE3: Activo | AF3: Amenaza (Valor4) | AG3: Vulnerabilidad (Valor3) | AH3: Probabilidad | AI3: Impacto CID | AJ3: Riesgo Total
A4: CN-PRO-001 | B4: CN-AI-002 | C4: Base de datos de clientes | D4: 5 | E4: 5 | F4: 4 | G4: =SUM(D4:F4) -> 14 | H4: =IF(G4>10,"Alto",IF(G4>5,"Medio",IF(G4<6,"Bajo","Error"))) -> Alto | I4: =IF(G4>10,3,IF(G4>5,2,IF(G4<6,1,"Error"))) -> 3 | J4: Permisos excesivos, cifrado insuficiente y respaldos no verificados | K4: Ciberataque, acceso no autorizado, malware o fuga de información | L4: Pérdida, alteración o exposición de datos personales y de facturación | M4: Cifrado, control de acceso por roles, monitoreo, respaldos probados y políticas de privacidad | O4: CN-AI-001 | P4: Personal de atención al cliente | Q4: Falta de capacitación, uso compartido de credenciales y validación manual de datos | R4: 2 | S4: 2 | T4: 3 | V4: CN-AI-001 | W4: Personal de atención al cliente | X4: Error humano, ingeniería social o suplantación de identidad | Y4: Alta incorrecta de clientes, exposición de datos o entrega indebida de accesos | Z4: 2 | AA4: 2 | AB4: 3 | AD4: CN-AI-001 | AE4: Personal de atención al cliente | AF4: 3 | AG4: 3 | AH4: 2 | AI4: 11 | AJ4: 198
A5: CN-PRO-001 | B5: CN-AI-003 | C5: Documentación de alta de clientes | D5: 3 | E5: 4 | F5: 2 | G5: =SUM(D5:F5) -> 9 | H5: =IF(G5>10,"Alto",IF(G5>5,"Medio",IF(G5<6,"Bajo","Error"))) -> Medio | I5: =IF(G5>10,3,IF(G5>5,2,IF(G5<6,1,"Error"))) -> 2 | J5: Documentos desactualizados, almacenamiento sin control de versiones y acceso no restringido | K5: Modificación no autorizada, pérdida documental o uso de formatos obsoletos | L5: Alta de clientes con datos incompletos o evidencia insuficiente del proceso | M5: Repositorio centralizado, control de versiones, permisos por rol y revisión periódica | O5: CN-AI-002 | P5: Base de datos de clientes | Q5: Permisos excesivos, cifrado insuficiente y respaldos no verificados | R5: 3 | S5: 3 | T5: 5 | V5: CN-AI-002 | W5: Base de datos de clientes | X5: Ciberataque, acceso no autorizado, malware o fuga de información | Y5: Pérdida, alteración o exposición de datos personales y de facturación | Z5: 3 | AA5: 3 | AB5: 5 | AD5: CN-AI-002 | AE5: Base de datos de clientes | AF5: 5 | AG5: 5 | AH5: 3 | AI5: 14 | AJ5: 1050
A6: CN-PRO-002 | B6: CN-AI-004 | C6: Infraestructura de servidores | D6: 3 | E6: 5 | F6: 5 | G6: =SUM(D6:F6) -> 13 | H6: =IF(G6>10,"Alto",IF(G6>5,"Medio",IF(G6<6,"Bajo","Error"))) -> Alto | I6: =IF(G6>10,3,IF(G6>5,2,IF(G6<6,1,"Error"))) -> 3 | J6: Configuración insegura, falta de parches, capacidad limitada y monitoreo insuficiente | K6: Falla de hardware, ataque DDoS, malware, explotación de vulnerabilidades o incendio | L6: Interrupción del hosting, pérdida de disponibilidad y afectación a sitios de clientes | M6: Hardening, parches, monitoreo 24/7, redundancia, respaldos y plan de continuidad | O6: CN-AI-003 | P6: Documentación de alta de clientes | Q6: Documentos desactualizados, almacenamiento sin control de versiones y acceso sin permisos definidos | R6: 2 | S6: 2 | T6: 3 | V6: CN-AI-003 | W6: Documentación de alta de clientes | X6: Modificación no autorizada, pérdida documental o uso de formatos obsoletos | Y6: Alta de clientes con datos incompletos o evidencia insuficiente del proceso | Z6: 2 | AA6: 1 | AB6: 2 | AD6: CN-AI-003 | AE6: Documentación de alta de clientes | AF6: 2 | AG6: 3 | AH6: 2 | AI6: 9 | AJ6: 108
A7: CN-PRO-002 | B7: CN-AI-005 | C7: Equipo de cómputo administrativo | D7: 3 | E7: 4 | F7: 4 | G7: =SUM(D7:F7) -> 11 | H7: =IF(G7>10,"Alto",IF(G7>5,"Medio",IF(G7<6,"Bajo","Error"))) -> Alto | I7: =IF(G7>10,3,IF(G7>5,2,IF(G7<6,1,"Error"))) -> 3 | J7: Antivirus desactualizado, bloqueo de pantalla débil y uso de dispositivos externos | K7: Robo de equipo, malware, acceso no autorizado o daño físico | L7: Compromiso de cuentas administrativas o pérdida de capacidad operativa del personal de IT | M7: EDR/antivirus, cifrado de disco, bloqueo automático, inventario y políticas de uso aceptable | O7: CN-AI-004 | P7: Infraestructura de servidores | Q7: Configuración insegura, falta de parches, capacidad limitada y monitoreo insuficiente | R7: 3 | S7: 3 | T7: 5 | V7: CN-AI-004 | W7: Infraestructura de servidores | X7: Falla de hardware, ataque DDoS, malware, explotación de vulnerabilidades o indisponibilidad eléctrica | Y7: Interrupción del hosting, pérdida de disponibilidad y afectación a sitios de clientes | Z7: 3 | AA7: 3 | AB7: 5 | AD7: CN-AI-004 | AE7: Infraestructura de servidores | AF7: 5 | AG7: 5 | AH7: 3 | AI7: 13 | AJ7: 975
A8: CN-PRO-002 | B8: CN-AI-006 | C8: Dispositivos de red | D8: 3 | E8: 5 | F8: 5 | G8: =SUM(D8:F8) -> 13 | H8: =IF(G8>10,"Alto",IF(G8>5,"Medio",IF(G8<6,"Bajo","Error"))) -> Alto | I8: =IF(G8>10,3,IF(G8>5,2,IF(G8<6,1,"Error"))) -> 3 | J8: Contraseñas por defecto, firmware desactualizado y reglas de firewall mal configuradas | K8: Ataque a red, intrusión, denegación de servicio o manipulación de configuración | L8: Caída del servicio de hosting, acceso no autorizado o pérdida de conectividad | M8: Segmentación, actualización de firmware, reglas firewall revisadas, monitoreo SNMP y respaldos de configuración | O8: CN-AI-005 | P8: Equipo de cómputo administrativo | Q8: Antivirus desactualizado, bloqueo de pantalla débil y uso de dispositivos externos no controlados | R8: 2 | S8: 3 | T8: 4 | V8: CN-AI-005 | W8: Equipo de cómputo administrativo | X8: Robo de equipo, malware, acceso no autorizado o daño físico | Y8: Compromiso de cuentas administrativas o pérdida de capacidad operativa del personal | Z8: 2 | AA8: 2 | AB8: 3 | AD8: CN-AI-005 | AE8: Equipo de cómputo administrativo | AF8: 3 | AG8: 4 | AH8: 2 | AI8: 11 | AJ8: 264
A9: CN-PRO-003 | B9: CN-AI-007 | C9: Sistema de tickets | D9: 4 | E9: 4 | F9: 4 | G9: =SUM(D9:F9) -> 12 | H9: =IF(G9>10,"Alto",IF(G9>5,"Medio",IF(G9<6,"Bajo","Error"))) -> Alto | I9: =IF(G9>10,3,IF(G9>5,2,IF(G9<6,1,"Error"))) -> 3 | J9: Gestión débil de usuarios, falta de trazabilidad y dependencia de una sola plataforma | K9: Indisponibilidad de plataforma, acceso no autorizado o eliminación de tickets | L9: Pérdida de seguimiento de incidentes y retraso en la atención al cliente | M9: MFA, perfiles por rol, respaldos, auditoría de cambios y procedimiento alterno de registro | O9: CN-AI-006 | P9: Dispositivos de red | Q9: Contraseñas por defecto, firmware desactualizado y reglas de firewall mal configuradas | R9: 3 | S9: 3 | T9: 5 | V9: CN-AI-006 | W9: Dispositivos de red | X9: Ataque a red, intrusión, denegación de servicio o manipulación de configuración | Y9: Caída del servicio de hosting, acceso no autorizado o pérdida de conectividad | Z9: 3 | AA9: 3 | AB9: 5 | AD9: CN-AI-006 | AE9: Dispositivos de red | AF9: 5 | AG9: 5 | AH9: 3 | AI9: 13 | AJ9: 975
A10: CN-PRO-003 | B10: CN-AI-008 | C10: Bitácoras de incidencias | D10: 4 | E10: 5 | F10: 3 | G10: =SUM(D10:F10) -> 12 | H10: =IF(G10>10,"Alto",IF(G10>5,"Medio",IF(G10<6,"Bajo","Error"))) -> Alto | I10: =IF(G10>10,3,IF(G10>5,2,IF(G10<6,1,"Error"))) -> 3 | J10: Registros incompletos, edición sin autorización y ausencia de retención definida | K10: Alteración de evidencias, borrado accidental o manipulación por usuario interno | L10: Pérdida de trazabilidad y dificultad para auditar o resolver incidentes recurrentes | M10: Bitácoras inmutables, control de cambios, política de retención y revisión de evidencias | O10: CN-AI-007 | P10: Sistema de tickets | Q10: Gestión débil de usuarios, falta de trazabilidad y dependencia de una sola plataforma | R10: 3 | S10: 2 | T10: 4 | V10: CN-AI-007 | W10: Sistema de tickets | X10: Indisponibilidad de plataforma, acceso no autorizado o eliminación de tickets | Y10: Pérdida de seguimiento de incidentes y retraso en la atención al cliente | Z10: 2 | AA10: 2 | AB10: 3 | AD10: CN-AI-007 | AE10: Sistema de tickets | AF10: 3 | AG10: 4 | AH10: 2 | AI10: 12 | AJ10: 288
A11: CN-PRO-003 | B11: CN-AI-009 | C11: Base de conocimiento técnica | D11: 2 | E11: 4 | F11: 3 | G11: =SUM(D11:F11) -> 9 | H11: =IF(G11>10,"Alto",IF(G11>5,"Medio",IF(G11<6,"Bajo","Error"))) -> Medio | I11: =IF(G11>10,3,IF(G11>5,2,IF(G11<6,1,"Error"))) -> 2 | J11: Contenido desactualizado, falta de revisión técnica y permisos de edición amplios | K11: Uso de procedimientos incorrectos, modificación no autorizada o eliminación de guías | L11: Diagnóstico erróneo o retraso en la resolución de incidentes frecuentes | M11: Flujo de aprobación, revisión periódica, control de versiones y permisos de edición | O11: CN-AI-008 | P11: Bitácoras de incidencias | Q11: Registros incompletos, edición sin autorización y ausencia de retención definida | R11: 3 | S11: 2 | T11: 4 | V11: CN-AI-008 | W11: Bitácoras de incidencias | X11: Alteración de evidencias, borrado accidental o manipulación por usuario interno | Y11: Pérdida de trazabilidad y dificultad para auditar o resolver incidentes recurrentes | Z11: 2 | AA11: 2 | AB11: 3 | AD11: CN-AI-008 | AE11: Bitácoras de incidencias | AF11: 3 | AG11: 4 | AH11: 2 | AI11: 12 | AJ11: 288
O12: CN-AI-009 | P12: Base de conocimiento técnica | Q12: Contenido desactualizado, falta de revisión técnica y permisos de edición amplios | R12: 2 | S12: 2 | T12: 3 | V12: CN-AI-009 | W12: Base de conocimiento técnica | X12: Uso de procedimientos incorrectos, modificación no autorizada o eliminación de guías | Y12: Diagnóstico erróneo o retraso en la resolución de incidentes frecuentes | Z12: 2 | AA12: 1 | AB12: 2 | AD12: CN-AI-009 | AE12: Base de conocimiento técnica | AF12: 2 | AG12: 3 | AH12: 2 | AI12: 9 | AJ12: 108

Sheet MatImpIntdpCrit
A1: MATRIZ DE IMPACTO, INTERDEPENDENCIA Y CRITICIDAD - ACTIVOS DE INFORMACIÓN | P1: TABLAS DE APOYO PARA CÁLCULO AUTOMÁTICO
A2: ACTIVO | D2: VALORACIÓN | L2: IDENTIFICACIÓN DE INFRAESTRUCTURAS CRÍTICAS
A3: ID_PROCESO | B3: ID_ACTIVO | C3: ACTIVO DE INFORMACIÓN | D3: Área Geográfica | E3: Periodo de Afectación | F3: IMPACTO | G3: Cantidad de Infraestructuras Críticas Afectadas | H3: Campos Afectados | I3: INTERDEPENDENCIA | J3: CRITICIDAD | L3: INFRAESTRUCTURAS CRÍTICAS DETECTADAS | M3: GRADO DE CRITICIDAD | N3: CONTROLES A IMPLEMENTAR | P3: Matriz de Impacto
A4: CN-PRO-001 | B4: CN-AI-001 | C4: Personal de atención al cliente | D4: 1 | E4: 1 | F4: =INDEX($Q$5:$S$7,D4,E4) -> 1 | G4: 1 | H4: 2 | I4: =INDEX($Q$11:$S$13,G4,H4) -> 2 | J4: =INDEX($Q$17:$U$21,F4,I4) -> II | L4: =IF(OR(J4="IV",J4="V"),C4,"") | M4: =IF(L4<>"",J4,"") | N4: =IF(L4<>"",'Matriz CID'!M3,"") | P4: Impacto | Q4: Periodo 1 | R4: Periodo 2 | S4: Periodo 3
A5: CN-PRO-001 | B5: CN-AI-002 | C5: Base de datos de clientes | D5: 3 | E5: 3 | F5: =INDEX($Q$5:$S$7,D5,E5) -> 5 | G5: 3 | H5: 3 | I5: =INDEX($Q$11:$S$13,G5,H5) -> 5 | J5: =INDEX($Q$17:$U$21,F5,I5) -> V | L5: =IF(OR(J5="IV",J5="V"),C5,"") -> Base de datos de clientes | M5: =IF(L5<>"",J5,"") -> V | N5: =IF(L5<>"",'Matriz CID'!M4,"") -> Cifrado, control de acceso por roles, monitoreo, respaldos probados y políticas de privacidad | P5: Área 1 | Q5: 1 | R5: 2 | S5: 3
A6: CN-PRO-001 | B6: CN-AI-003 | C6: Documentación de alta de clientes | D6: 1 | E6: 2 | F6: =INDEX($Q$5:$S$7,D6,E6) -> 2 | G6: 1 | H6: 1 | I6: =INDEX($Q$11:$S$13,G6,H6) -> 1 | J6: =INDEX($Q$17:$U$21,F6,I6) -> II | L6: =IF(OR(J6="IV",J6="V"),C6,"") | M6: =IF(L6<>"",J6,"") | N6: =IF(L6<>"",'Matriz CID'!M5,"") | P6: Área 2 | Q6: 2 | R6: 3 | S6: 4
A7: CN-PRO-002 | B7: CN-AI-004 | C7: Infraestructura de servidores | D7: 3 | E7: 3 | F7: =INDEX($Q$5:$S$7,D7,E7) -> 5 | G7: 3 | H7: 3 | I7: =INDEX($Q$11:$S$13,G7,H7) -> 5 | J7: =INDEX($Q$17:$U$21,F7,I7) -> V | L7: =IF(OR(J7="IV",J7="V"),C7,"") -> Infraestructura de servidores | M7: =IF(L7<>"",J7,"") -> V | N7: =IF(L7<>"",'Matriz CID'!M6,"") -> Hardening, parches, monitoreo 24/7, redundancia, respaldos y plan de continuidad | P7: Área 3 | Q7: 3 | R7: 4 | S7: 5
A8: CN-PRO-002 | B8: CN-AI-005 | C8: Equipo de cómputo administrativo | D8: 1 | E8: 2 | F8: =INDEX($Q$5:$S$7,D8,E8) -> 2 | G8: 1 | H8: 2 | I8: =INDEX($Q$11:$S$13,G8,H8) -> 2 | J8: =INDEX($Q$17:$U$21,F8,I8) -> III | L8: =IF(OR(J8="IV",J8="V"),C8,"") | M8: =IF(L8<>"",J8,"") | N8: =IF(L8<>"",'Matriz CID'!M7,"")
A9: CN-PRO-002 | B9: CN-AI-006 | C9: Dispositivos de red | D9: 3 | E9: 3 | F9: =INDEX($Q$5:$S$7,D9,E9) -> 5 | G9: 3 | H9: 3 | I9: =INDEX($Q$11:$S$13,G9,H9) -> 5 | J9: =INDEX($Q$17:$U$21,F9,I9) -> V | L9: =IF(OR(J9="IV",J9="V"),C9,"") -> Dispositivos de red | M9: =IF(L9<>"",J9,"") -> V | N9: =IF(L9<>"",'Matriz CID'!M8,"") -> Segmentación, actualización de firmware, reglas firewall revisadas, monitoreo SNMP y respaldos de configuración | P9: Matriz de Interdependencia
A10: CN-PRO-003 | B10: CN-AI-007 | C10: Sistema de tickets | D10: 2 | E10: 2 | F10: =INDEX($Q$5:$S$7,D10,E10) -> 3 | G10: 2 | H10: 3 | I10: =INDEX($Q$11:$S$13,G10,H10) -> 4 | J10: =INDEX($Q$17:$U$21,F10,I10) -> IV | L10: =IF(OR(J10="IV",J10="V"),C10,"") -> Sistema de tickets | M10: =IF(L10<>"",J10,"") -> IV | N10: =IF(L10<>"",'Matriz CID'!M9,"") -> MFA, perfiles por rol, respaldos, auditoría de cambios y procedimiento alterno de registro | P10: Interdependencia | Q10: Campo 1 | R10: Campo 2 | S10: Campo 3
A11: CN-PRO-003 | B11: CN-AI-008 | C11: Bitácoras de incidencias | D11: 2 | E11: 2 | F11: =INDEX($Q$5:$S$7,D11,E11) -> 3 | G11: 2 | H11: 2 | I11: =INDEX($Q$11:$S$13,G11,H11) -> 3 | J11: =INDEX($Q$17:$U$21,F11,I11) -> IV | L11: =IF(OR(J11="IV",J11="V"),C11,"") -> Bitácoras de incidencias | M11: =IF(L11<>"",J11,"") -> IV | N11: =IF(L11<>"",'Matriz CID'!M10,"") -> Bitácoras inmutables, control de cambios, política de retención y revisión de evidencias | P11: IC 1 | Q11: 1 | R11: 2 | S11: 3
A12: CN-PRO-003 | B12: CN-AI-009 | C12: Base de conocimiento técnica | D12: 1 | E12: 2 | F12: =INDEX($Q$5:$S$7,D12,E12) -> 2 | G12: 1 | H12: 2 | I12: =INDEX($Q$11:$S$13,G12,H12) -> 2 | J12: =INDEX($Q$17:$U$21,F12,I12) -> III | L12: =IF(OR(J12="IV",J12="V"),C12,"") | M12: =IF(L12<>"",J12,"") | N12: =IF(L12<>"",'Matriz CID'!M11,"") | P12: IC 2 | Q12: 2 | R12: 3 | S12: 4
P13: IC 3 | Q13: 3 | R13: 4 | S13: 5
P15: Matriz de Criticidad
P16: Impacto \ Interdependencia | Q16: 1 | R16: 2 | S16: 3 | T16: 4 | U16: 5
P17: 1 | Q17: I | R17: II | S17: III | T17: III | U17: IV
P18: 2 | Q18: II | R18: III | S18: III | T18: IV | U18: IV
P19: 3 | Q19: III | R19: III | S19: IV | T19: IV | U19: V
P20: 4 | Q20: III | R20: IV | S20: IV | T20: V | U20: V
P21: 5 | Q21: IV | R21: IV | S21: V | T21: V | U21: V
